gender,rank,points,cls,name,alsoKnownAs,school,from,to
M,1,4,4A,Billy Harper,,Junction City,1992,1995
F,1,4,5A,Emily Wisniewski,,Crescent Valley,2021,2024
M,2,9,5A,Evan Holland,,Ashland,2016,2019
F,2,5,3-2-1A,Ashley Baldovino,,Lakview,2006,2009
M,3,9,Switch,Henry Coughlan,,Enterprise/Cres.Val,2018,2021
F,3,5,3-2-1A,Iris Cripps,,Glendale,1990,1993
M,4,10,3-2-1A,Brad Taylor,,Oakridge,2002,2005
F,4,5,5A,Olivia Brooks,,Summit,2013,2015
M,5,10,3A,Zac Knapp,,Enterprise,2018,2021
F,5,6,4A,Amy Nickerson,,Coquille,1995,1998
M,6,11,3-2-1A,Mark Welsh,,Neah-Kah-Nie,1997,2000
F,6,7,6A,Ella Donaghu,,Grant,2012,2015
M,7,11,3-2-1A,Mike Kaufmann,,Salem Academy,1986,1989
F,7,7,3-2-1A,Katriel O'Reilly,,Union,2010,2013
M,8,12,6A,Jason Maschmeyer,,Churchill,1989,1992
F,8,7,5A,Megan Fristoe,,Summit,2008,2011
M,9,13,3-2-1A,Bill Kendall,,Gilchrist,1965,1968
F,9,7,3-2-1A,Rosa Gutierrez,,Glendale,1977,1980
M,10,13,5A,Travis Neuman,,Summit,2009,2012
F,10,7,6A,Sara Tsai,,South Eugene,2011,2014
M,11,14,4A,Noel Paulson,,Cascade,1996,1999
F,11,7,3-2-1A,Wendy Wolfgram,,Pilot Rock,1977,1980
M,12,16,6A,Bill McChesney,,South Eugene,1973,1976
F,12,7,3-2-1A,Sailor Hutton,,Bandon,2014,2017
M,13,16,Switch,Lane Neely,,Pacific/Bend,1997,2000
F,13,7,3-2-1A,Daisy LaLonde,,East Linn Christian,2021,2024
M,14,16,5A,Matthew Maton,,Summit,2011,2014
F,14,8,4A,Andrea Garner,,Illinois Valley,1974,1977
M,15,17,5A,Josiah Tostenson,,Crater,2021,2024
F,15,8,4A,Holly Dieu,,Coquille,2002,2005
M,16,18,4A,Elliott Jantzer,,Phoenix,2005,2008
F,16,8,3-2-1A,Sue Bragdon,,Catlin Gabel,1974,1977
M,17,18,3-2-1A,Wyatt Montgomery,,La Pine,2019,2022
F,17,9,6A,Abby McAllister,,Bend,1995,1998
M,18,18,4A,Carter Bengtson,,Cottage Grove,2021,2024
F,18,9,4A,Celie Mans,,Siuslaw,2013,2016
M,20,19,5A,Andy Monroe,,Crater,2014,2017
F,20,9,4A,Brooke Perry,,La Grande,2022,2025
M,21,21,4A,Kyle Gillette,,Phoenix,2000,2003
F,21,10,4A,Bri. Anderson-Gregg,,Philomath,2000,2003
M,22,21,3-2-1A,Ryan Maag,,Nyssa,2008,2011
F,22,10,4A,Jamie Mitchell,,La Salle,1974,1977
M,24,23,3A,Diego Zambrano,,Santiam Christian,2022,2025
F,24,10,3-2-1A,Marci Madsen,,Bonanza,1992,1995
M,25,24,6A,Ian Dobson,,Klamath Union,1996,1999
F,25,10,6A,Marie Davis,,Lincoln,1991,1994
M,26,25,4A,David Frank,,Gladstone,1976,1979
F,26,11,3-2-1A,Alyson Barrett,,Camas Valey,1993,1996
M,27,26,3-2-1A,Mike Strickling,,Gilchrist,1965,1968
F,27,11,6A,Claire Michel,,Clackamas,2003,2006
M,28,26,5A,Derek Tripp,,Crater,2014,2017
F,28,11,3-2-1A,Hayley Ney,,Catlin Gabel,2005,2008
M,29,26,3A,Bayden Menton,,Enterprise,2018,2021
F,29,11,4A,Jessie Schra,,Sweet Home,1990,1993
M,30,26,5A,Mason Morical,,Caldera,2022,2025
F,30,11,3-2-1A,Lori Monaco,,West McEwan,1993,1996
M,31,27,3-2-1A,Benjamin Bourne,,Santiam Christian,2019,2022
F,31,11,6A,Meghan Armstrong,Meghan Peyton,Tualatin,2000,2003
M,32,28,4A,Dale Hammitt,,Pleasant Hill,1967,1970
F,32,12,4A,Amy Flora,,Myrtle Point,1989,1992
M,33,29,6A,Andrew Hunt,,Springfield,1990,1993
F,33,12,Switch,Hillary Simmons,,Oakland/Roseburg,1984,1987
M,34,29,3-2-1A,Brian Nelson,,Nyssa,2006,2009
F,34,12,6A,Liz Lindgren,,Klamath Union,1997,2000
M,35,30,4A,Mitchell Butler,,Siuslaw,2010,2013
F,35,13,3-2-1A,Lisa Martin,,Griswald,1978,1981
M,36,32,4A,Marcus Zgraggen,,Gold Beach,1985,1988
F,36,13,6A,Nelida Dalgas,,North Salem,2022,2025
M,37,32,5A,Jantz Tostenson,,Crater,2015,2018
M,38,32,Switch,Eli Williams,,Union,2020,2023
F,38,14,3-2-1A,Stephanie Finley,,Oregon Episcopal,2015,2018
M,39,34,4A,Lonnie Bradshow,,Pleasant Hill,1963,1966
F,39,14,Switch,Ella Thorsett,,Sisters,2019,2020
M,40,35,4A,Matt Killen,,The Dalles,1990,1993
F,40,15,3-2-1A,Beth Cline,,Glendale,1989,1992
M,41,36,3-2-1A,Ian Wayne,,Catlin Gabel,2004,2007
F,41,15,3-2-1A,Julie O'Leary,,Paisley,1979,1982
F,42,15,3-2-1A,Katherine O'Leary,,Paisley,1980,1983
M,43,36,4A,Mack Marbas,,Siuslaw,2010,2013
F,43,15,6A,Marnie Mason,,Klamath Union,1981,1984
M,44,36,5A,Ty Cirino,,Central,2022,2025
F,44,15,6A,Paige Rice,,St.Marys Academy,2010,2013
M,45,37,6A,Grant Robison,,McMinnville,1993,1996
F,45,15,4A,Cecilia Villagomez-Edvalson,,La Grande,2021,2024
M,46,37,Switch,Kyle Hughes,,Siuslaw,2019,2022
F,46,16,4A,Jennifer Davis,,Pleasant Hill,1986,1989
M,47,38,5A,Alex Martin,,Summit,2012,2015
F,47,16,Switch,Jennifer Macias,,Hermiston,2003,2006
M,48,38,6A,John Lucas,,Eagle Point,1995,1998
F,48,16,4A,Linnaea Kavulich,,Scappoose,2014,2017
M,49,38,6A,Ron Byers,,Grant,1961,1964
F,49,16,5A,Taylor Vanderborn,,Summit,2014,2017
M,50,38,3A,Jake Sorani,,Cascade Christian,2018,2021
F,50,16,4A,Solace Bergeron,,Tillamook,2016,2019
M,51,39,Switch,Dan Kemo,,Sisters/Sheldon,1993,1996
F,51,16,4A,Emily Tubbs,,La Grande,2020,2023
M,52,39,3-2-1A,Josh Miner,,East Linn Christian,2013,2016
F,52,16,3-2-1A,Sophie Schoolmeester,,Banks,2022,2025
M,53,39,4A,Lynn Purdue,,Brookings-Harbor,1975,1978
M,54,39,6A,Roman Ollar,,West Linn,2012,2015
F,54,17,4A,Anika Thompson,,Junction City,2017,2020
F,55,18,4A,Hayley Belli,,Philomath,2003,2006
M,56,39,2A/1A,Nathaniel O'Reilly,,Union,2021,2024
F,56,18,4A,Sierra Brown,,Hidden Valley,2009,2012
M,57,40,4A,Jakub Heitt,,Sweet Home,2011,2014
F,57,19,3-2-1A,Deanna Schneider,,Kennedy,1979,1982
M,58,40,4A,Mike Payne,,Sweet Home,1990,1993
F,58,19,Switch,Tassie Norton,,Philomath/Corvallis,1981,1984
M,59,40,6A,Samot Turina,,Centrat Catholic,2005,2008
F,59,19,3-2-1A,Alejandra Lopez,,Kennedy,2015,2018
M,60,40,Switch,Cam McCherney,,Veritas,2016,2019
F,60,20,6A,MaKenna Schumacher,,Jesuit,2015,2018
M,61,41,5A,Edwardo Juarez,,Hermiston,2009,2012
F,61,20,3-2-1A,Lila Fenner,,Catlin Gabel,2016,2019
M,62,41,3-2-1A,Jed Moffitt,,Oakridge,2000,2003
F,62,20,3-2-1A,Jordan White,,Neah-Kah-Nie,2018,2021
M,63,41,5A,Tayvon Kitchen,,Crater,2021,2024
M,64,41,3A,Amin Diani,,Banks,2022,2025
F,64,21,4A,Nevina DeLuca,,Phoenix,2011,2014
M,65,42,3-2-1A,Tom Sheehy,,Union,2006,2009
F,65,21,6A,Rose Schneider,,Ashland,1984,1987
M,66,42,3-2-1A,Troy Blackburn,,Stanfield,1998,2001
F,66,21,3-2-1A,Shalene Fine,,Oakridge,1999,2002
M,67,42,3-2-1A,Hunter Hutton,,Bandon,2014,2017
F,67,22,4A,Ashley Tendick,,Pleasant Hill,1995,1998
M,68,42,Switch,Jedaiah Wasson,,East Linn,2015,2018
F,68,22,3-2-1A,Nyika Corbett,,Myrtle Point,2002,2005
M,69,43,3-2-1A,Andrew Perri,,Oakridge,2001,2004
F,69,22,6A,Payton Schutte,,Jesuit,2007,2010
M,70,43,3-2-1A,Aram Donegan,,"Elgin,",1989,1992
F,70,22,4A,Raelyn Robinson,,Siuslaw,2007,2010
M,71,43,3-2-1A,David Sherman,,McKenzie,2003,2006
F,71,22,5A,Hannah Tobiason,,Summit,2014,2017
M,72,43,4A,Joel Cramer,,Burns,1975,1978
F,72,22,3-2-1A,Lily Nichols,,Heppner,2022,2025
M,73,43,4A,Matthew Campbell,,Siuslaw,2009,2012
F,73,23,4A,Heather Fitz-Gustafson,,The Dalles,2000,2003
M,74,44,4A,Bill Cram,,Madras,1967,1970
F,74,23,3-2-1A,Kaylin Cantu,,Kennedy,2014,2017
M,75,44,5A,Jerik Embleton,,Marist,2014,2017
F,75,23,4A,Jazmin Chavez,,Marshfield,2015,2018
M,76,44,Switch,Samuel Ulrich,,Siuslaw,2019,2022
F,76,23,4A,Kyla Potratz,,Phoenix,2019,2022
M,77,44,3A,Ronan Gantzos,,Oregon Episcopal,2022,2025
F,77,24,6A,Allison Cowart,,Bend,1993,1996
M,78,45,4A,John Killen,,The Dalles,1990,1993
F,78,24,6A,Kim Roth,,Sprague,1978,1981
M,79,46,Switch,Chris Merlos,,New Hope/Summit,2011,2014
F,79,24,3-2-1A,Lacy Looney,,Myrtle Point,2003,2006
M,80,46,Switch,Isaac Whitney,,Oakridge,2016,2019
F,80,24,4A,Lisa Flora,,Myrtle Point,1992,1995
M,81,46,5A,Liam Wilde,,Wilsonville,2022,2025
F,81,24,6A,Shea Abby,,Bend,1987,1990
M,82,47,6A,Dan Oekerman,,Beaverton,2009,2012
M,83,48,Switch,Jon Oboso,,Crater,2008,2011
F,83,25,Switch,Hayley Oveson,,Wallowa/LaGrande,2002,2005
M,84,48,6A,Zane Fodge,,McMinnville,2015,2018
F,84,25,6A,Lisa Johnson,,Aloha,1979,1982
M,85,48,6A,Quincy Norman,,Forest Grove,2016,2019
F,85,25,5A,Taryn Rawlings,,Wilsonville,2010,2013
M,86,48,4A,Leo Pausch,,Philomath,2022,2025
F,86,26,3-2-1A,Jeni Van Cauteran,,Regis,1986,1989
M,87,50,Switch,Jacob Goertz,,NCC/Oregon City,2004,2007
F,87,26,6A,Jody Smith,,Ontario,1974,1977
M,88,50,5A,Josh Elliott,,Crater,2006,2009
F,88,26,4A,Kristen Johnson,,La Grande,2003,2006
M,89,51,6A,Sam Truax,,Central Catholic,2011,2014
F,89,26,3-2-1A,Sarah Christman,,Ukiah,1982,1985
M,90,52,3-2-1A,Adrian Parra,,Kennedy,2012,2015
F,90,26,4A,Selena Harmon,,Rogue River,1996,1999
M,91,52,3-2-1A,Andy Holstrom,,Valley Catholic,2008,2011
F,91,26,4A,Teri Davis,,Brookings-Harbor,1977,1980
M,92,52,4A,Robby Vos,,Phoenix,2014,2017
F,92,27,4A,Bobby Wright,,Rogue River,1997,2000
M,93,53,3-2-1A,Chris Platano,,Myrtle Point,2002,2005
M,94,53,3-2-1A,Cooper Roach,,Valley Catholic,2010,2013
F,94,27,3-2-1A,Shannon Mitchell,,Union,2000,2003
M,95,53,3-2-1A,Jack Hayes,,Union,1988,1991
F,95,27,6A,Lucy Huelskamp,,Sunset,2016,2019
M,96,53,3-2-1A,Jason Carter,,Canyonville Chr.,1991,1994
F,96,28,5A,Jenna Mattox,,Bend,2009,2012
M,97,54,6A,Clinton Hall,,"Redmond,",1979,1982
F,97,28,3-2-1A,Stephanie Upshaw,,Union,1998,2001
M,98,54,6A,Jim Smith,,Tigard,1979,1982
F,98,29,6A,Gracie Todd,,Sheldon,2011,2014
M,99,54,4A,Larry Thomas,,Phoenix,1965,1968
F,99,29,3-2-1A,Heather Langley,,Union,1990,1993
M,100,55,6A,Sam Lomax,,Central Catholic,2011,2014
F,100,29,4A,Jodi Millard,,Rogue River,1995,1998
M,101,55,3-2-1A,Jeremy Baxter,,Union,2014,2017
F,101,29,3-2-1A,Martina Patella,,St.Marys(Medford),1996,1999
M,102,56,3-2-1A,Andrew Hinkel,,Portland Lutherian,2010,2013
F,102,29,4A,Ronda Groshong,,Tillamook,1983,1986
M,103,56,4A,Jeff Ponsness,,Tillamook,1971,1974
F,103,30,Switch,Alice De Jaeger,,Salem Academy,1983,1986
M,104,56,6A,Reilly Bloomer,,"South Eugene,",2011,2014
F,104,30,6A,Nicole Griffins,,Sunset,2012,2015
M,105,56,6A,Will Sheaffer,,Jesuit,2015,2018
F,105,30,3-2-1A,Stephanie Croy,,Cascade Christian,2010,2013
M,106,57,3-2-1A,Alec Bromka,,Catlin Gabel,2001,2004
F,106,31,3-2-1A,Reyna Quiroz,,Canyonville Chr.,1999,2002
M,107,57,4A,Conner Kasler,,Hidden Valley,2005,2008
F,107,31,3-2-1A,Ellyse Tingelstad,,Enterprise,2016,2019
M,108,57,6A,Erik Heinonen,,South Eugene,1997,2000
F,108,32,4A,Lindsey Shonk,,Rogue River,1990,1993
M,109,57,6A,Jim Robertson,,Bend,1986,1989
F,109,32,4A,Whitney Bushnell,,Philomath,1993,1996
M,110,57,6A,Rob Durkee,,Putnam,1979,1982
F,110,33,3-2-1A,Delia DeLeon,,Nyssa,2013,2016
M,111,57,2A-1A,William Mallory,,Union,2022,2025
F,111,33,4A,Kelly Teamey,,Henley,1986,1989
M,112,58,3-2-1A,Kurt Julian,,Vernonia,1987,1990
F,112,33,3-2-1A,Sarah Estabrook,,Triad,2010,2013
M,113,58,4A,Michael Manning,,Madras,1997,2000
F,113,34,3-2-1A,Diana Sanchez,,Blanchet,2003,2006
M,114,58,4A,Pat Zweifel,,Tillamook,1986,1989
F,114,34,3-2-1A,Tami King,,Monroe,1977,1980
M,115,58,Switch,Isaac Cutler,,Bandon,2016,2019
F,115,35,4A,Nicole Rasmussen,,Sweet Home,2010,2013
M,116,59,3-2-1A,Brian Wilson,,Vernonia,1974,1977
F,116,35,4A,Samantha Plummer,,Siuslaw,2006,2009
M,117,59,3-2-1A,Quentin Jensen,,Nyssa,2010,2013
F,117,35,Switch,Sheryl Page,,Ontario/Sandy,2002,2005
M,118,60,5A,Pat Madden,,Summit,2006,2009
F,118,35,Switch,Kelsey Swenson,,Mountain View,2015,2018
M,119,60,6A,Malachi Schoenherr,,Sheldon,2022,2025
F,119,35,5A,Emma West,,Crater,2021,2024
M,120,61,4A,Mike Miner,,Philomath,1979,1982
F,120,36,6A,Peggy Murry,,South Salem,1979,1982
M,121,61,6A,Steve Prefontaine,,Marshfield,1965,1968
F,121,37,4A,Rhianna Jones,,Rogue River,1991,1994
M,122,61,5A,Arlo Davis,,Ashland,2016,2019
F,122,37,6A,Alexis Kebbe,,Jesuit,2016,2019
M,123,62,4A,Garth Ellenberg,,Rogue River,1984,1987
F,123,37,4A,Adele Beckstead,,Philomath,2021,2024
M,124,62,6A,Kenyon Neuman,,Summit,2001,2004
F,124,38,3-2-1A,Molly Maier,,Catlin Gabel,1983,1986
M,125,63,4A,Chuck Coats,,Crook County,1973,1976
F,125,39,6A,Erin Gray,,South Eugene,2001,2004
M,126,63,3-2-1A,Corbin Helt,,Creswell,2008,2011
F,126,39,4A,Kelly Renfro,,Henley,1992,1995
M,127,63,4A,Donovan Cutsforth,,Philomath,1989,1992
F,127,39,4A,Meghan Whalen,,Marist,2004,2007
M,128,64,3-2-1A,Jeff Oveson,,Wallowa,1966,1969
F,128,39,3-2-1A,Tasha Wahl,,Pacific,1975,1978
M,129,64,3-2-1A,Lucas Osterhag-Hill,,Catlin Gabel,2012,2015
F,129,39,4A,Emilie Nelson,,Marist,2018,2021
M,130,65,6A,Isaac Stoutenbergh,,Crater,2002,2005
F,130,40,3-2-1A,Aida Santoro,,Bandon,2012,2015
M,131,65,4A,Todd Carmen,,Elmira,2001,2004
F,131,40,4A,Amanda Welch,,La Grande,2011,2014
M,132,66,5A,Jose Macias,,Hermiston,2010,2013
F,132,40,4A,Cristina Pereira,,The Dalles,1996,1999
M,133,66,6A,Alex Slenning,,Wilson,2014,2017
F,133,40,6A,Pam Vasey,,Hillsboro/Glencoe,1978,1981
M,134,67,3-2-1A,Daniel Frisen,,Westside Christian,2004,2007
F,134,40,3-2-1A,Stormy Bullard,,Union,2011,2014
M,135,67,3-2-1A,Michael Swart,,Enterprise,2001,2004
F,135,40,4A,Teri Shaver,,Estacada,1982,1985
M,136,67,3-2-1A,Patrick Curl,,Vernonia,1971,1974
F,136,40,6A,Elissa Schaeffer,,Sunset,2022,2025
M,137,67,4A,Rob Cailey,,Coquille,1984,1987
F,137,41,3-2-1A,Brooke Keudell,,Regis,2004,2007
M,138,67,3A,David Dugan,,Westside Christian,2018,2021
F,138,41,4A,Heather Miller,,Henley,1992,1995
M,139,68,4A,Jason Bushnell,,Philomath,1985,1988
F,139,41,3-2-1A,Julie Mack,,Regis,1981,1984
M,140,68,4A,Javier Marquez,,Woodburn,1987,1990
F,140,41,4A,Stephanie Morris,,Seaside,1979,1982
M,141,68,4A,Jack Reynolds,,Pendleton,2022,2025
F,141,41,6A,Sue Johnson,,Grant,1974,1977
M,142,69,3-2-1A,Corey Donahue,,Kennedy,2001,2004
F,142,42,4A,Heidi Bomengen,,Lakeview,1986,1989
M,143,70,4A,Seth Campbell,,Siuslaw,2011,2014
F,143,42,Switch,Susan Hyde,,Sisters,1992,1995
M,144,70,3-2-1A,Tom Brown,,Union,1995,1998
F,144,42,6A,Kelly Makin,,Sunset,2014,2017
M,145,70,5A,Zander Campbell,,South Albany,2021,2024
F,145,43,6A,Noelle Van Rysselberghe,,Jesuit,2005,2008
M,146,71,4A,Zach Worth,,The Dalles,1998,2001
F,146,43,5A,Samantha Prusse,,Wilsonville,2016,2019
M,147,71,6A,Ian Twyman,,South Eugene,2015,2018
F,147,43,4A,Analyse Janson,,Molalla,2022,2025
M,148,71,Switch,Brayden Linton,,Siuslaw,2020,2023
F,148,44,3-2-1A,Anna Goodman,,Union,1987,1990
M,149,72,3-2-1A,Austin Himes,,Enterprise,1999,2002
F,149,44,3-2-1A,Isabelle Tingelstad,,Enterprise,2013,2016
M,150,72,3-2-1A,Trevor Lane,,Soutwest Christian,2010,2013
F,150,44,5A,Sara Fristoe,,Summit,2008,2011
M,151,73,6A,Drew Jordan,,North Medford,2006,2009
F,151,44,6A,Elizabeth Rinck,,Jesuit,2015,2018
M,152,73,6A,Luke Wiltshire,,Central Catholic,2003,2006
F,152,44,5A,Skye Knox,,Summit,2022,2025
M,153,73,4A,Mike Donaghu,,Madras,1981,1984
F,153,45,6A,Nancy Rissmiller,,Tigard,1990,1993
M,154,75,3-2-1A,Ben Straw,,Oakland,1989,1992
F,154,45,4A,Hannah Hernandez,,Philomath,2016,2019
M,155,75,4A,Dan Dawson,,Rogue River,1991,1994
F,155,45,4A,Sophia Stubblefield,,Phoenix,2018,2021
M,156,75,3-2-1A,Tad Wooskey,,Joseph,1980,1983
F,156,46,6A,Brooke Chuhlentseff,,West Salem,2012,2015
M,157,75,3-2-1A,Josh Snyder,,Bandon,2014,2017
F,157,46,6A,Maggie Schmaedick,,Sheldon,2009,2012
M,158,75,4A,Tyson Long,,The Dalles,2022,2025
F,158,46,4A,Marijo Davis,,Philomath,1985,1988
M,159,76,4A,Jarrett Zeimer,,Molalla,2002,2005
F,159,46,3-2-1A,Holly Hutton,,Bandon,2018,2021
M,160,77,5A,Dakota Thornton,,Mountain View,2011,2014
F,160,46,Switch,Alaina Casady,,The Dalles,2021,2024
M,161,77,4A,Spencer Lynass,,North Bend,2004,2007
F,161,46,6A,Avery Meier,,West Salem,2022,2025
M,162,78,3-2-1A,Chris Snuggerud,,Oakridge,1986,1989
F,162,47,4A,Jennifer hague,,Siuslaw,2004,2007
M,163,78,4A,Joseph Campbell,,Siuslaw,2006,2009
F,163,47,6A,Khalia Tidwell,,Gesham,2006,2009
M,164,78,6A,Perry Custance,,South Medford,1996,1999
F,164,47,6A,Lisa Karnopp,,Mountain View,1983,1986
M,165,78,4A,Toby Cook,,Gladstone,1979,1982
F,165,47,6A,Kyla Becker,,Lincoln,2015,2018
M,166,78,6A,Will Smith,,Oregon City,1994,1997
F,166,48,3-2-1A,Julie Gamez,,Oakridge,1983,1986
M,167,79,3-2-1A,Austin Bowles,,Oakridge,1999,2002
F,167,48,4A,Julie Link,,St.Marys (Medford),1980,1983
M,168,79,3-2-1A,Mark Woosley,,Joseph,1981,1984
M,169,79,3-2-1A,Weston Wolfe,,Enterprise,2019,2022
F,169,49,4A,Jennifer Olson,,Astoria,1984,1987
M,170,80,4A,Dylan Corbett,,Myrtle Point,1995,1998
F,170,49,6A,Kristin Warnock,,Beaverton,1990,1993
M,171,80,4A,Kenny Thissell,,La Pine,2001,2004
F,171,49,Switch,Linsie Michels,,Sprague/Cascade,2003,2006
M,172,80,Switch,Nicholas Cooper,,Pleasant Hill,2008,2011
F,172,49,4A,Lisa Hilverda,,Cascade,1994,1997
M,173,80,Switch,Cade Catterson,,Crook County,2016,2019
F,173,49,4A,Rylee Colton,,Siuslaw,2018,2021
M,174,80,4A,Daniel Brown,,Baker,2021,2024
F,174,50,6A,Kelly O'Neill,,Lakeridge,2009,2012
M,175,81,3-2-1A,Donald Naeve,,Vernonia,1987,1990
F,175,51,4A,Ashley Mayfield,,Seaside,2005,2008
M,176,82,4A,Chuck Morris,,Central Linn,1966,1969
F,176,51,4A,Chelsea Spencer,,Sutherlin,2007,2010
M,177,82,4A,Gavin MacCluer,,Myrtle Point,1990,1993
F,177,51,6A,Erin Gregorie,,Beaverton,2011,2014
M,178,82,6A,Jeff Randall,,Sheldon,2001,2004
F,178,51,4A,Kerri Teamey,,Henley,1994,1997
M,179,82,3-2-1A,Kevin Yaws,,Col.Christian,1982,1985
F,179,51,3-2-1A,Kris Klosterman,,Regis,1987,1990
M,180,83,Switch,Jackson Baker,,Franklin,2008,2011
F,180,52,6A,Erin Clark,,South Eugene,2009,2012
F,181,52,4A,Sarah Pullen,,Tillamook,2017,2020
M,182,83,4A,Tim Savage,,Siuslaw,1965,1968
F,182,53,4A,Lola Esplin,,Junciton City,2022,2025
M,183,83,3-2-1A,Colin Longballa,,Santiam Christian,2019,2022
F,183,54,6A,Adrienne Demaree,,Jesuit,2008,2011
M,184,84,6A,Jackson Mestler,,Sheldon,2012,2015
F,184,54,4A,Dana Brice,,Coquille,1990,1993
M,185,84,4A,Mike Murphy,,Central,1985,1988
F,185,54,6A,Emily Wheeler,,Tualatin,2006,2009
M,186,85,4A,Brandon Padilla,,Rogue River,1995,1998
F,186,54,3-2-1A,Julie Brand,,Regis,1993,1996
M,187,85,4A,Dave Boggan,,Central Linn,1965,1968
M,188,85,6A,Grayson Ollar,,West Linn,2012,2015
F,188,54,5A,Kelsey Rodli,,Dallas,2022,2025
M,189,85,4A,Manuel Robledo,,Sweet Home,1992,1995
F,189,55,6A,Gracie Tostenson,,Crater,2010,2013
M,190,85,4A,Ricky Scott,,Newport,1998,2001
F,190,55,6A,Kelly McDonald,,Tualatin,1993,1996
M,191,85,4A,Steve Beamish,,Cascade,1971,1974
F,191,55,4A,Lori Reed,,Brookings-Harbor,1981,1984
M,192,85,5A,Haile Stutzman,,Silverton,2015,2018
F,192,55,3-2-1A,Samantha Slusser,,Catlin Gabel,2013,2016
M,193,87,4A,Kobi Daum,,Wilsonville,1998,2001
F,193,56,3-2-1A,April Richards,,Santiam,1991,1994
M,194,88,6A,Jackson Haselnus,,Barlow,2009,2012
F,194,56,4A,Lauren Zaludek,,Elmira,2002,2005
M,195,89,3-2-1A,Doug Goslee,,Wahtonka,1979,1982
F,195,56,4A,Maddie Menke,,Seaside,2022,2025
M,196,90,3-2-1A,Bill Garrison,,Union,2001,2004
F,196,57,3-2-1A,Erin Brand,,Regis,1988,1991
M,197,90,3-2-1A,Mark Keigbaum,,Colton,1976,1979
F,197,57,3-2-1A,Jennifer Cox,,Pacific,1989,1992
M,198,90,Switch,Nathen Hammond Phoenix-Riverside 2022-2025 198 58 4A Brooke Cutsforth,,Philomath,1988,1991
M,199,90,4A,Jaxson Stovall,,Marshfield,2022,2025
F,199,58,4A,Jasmine Klauder,,Mazama,2001,2004
M,200,92,6A,Andrew Boone,,Mountain View,1995,1998
F,200,58,3-2-1A,Kelsey Greydanus,,Monroe,2002,2005
M,201,92,6A,Daniel Thompson Central Catholic 2012-15 201 58 6A Shelby Brennan,,Aloha,2004,2007
M,202,92,6A,Jeff Hildebrandt,,South Salem,1974,1977
F,202,58,4A,Kara Putnam,,Tillamook,2014,2017
M,203,92,4A,Jon Morse,,Coquille,1985,1988
F,203,58,4A,Ingrid Hellesto,,Phiolomath,2019,2022
M,204,92,4A,Grant Boehannon,,Hidden Valley,2019,2022
F,204,58,4A,Kiah Carlson,,La Grande,2020,2023
M,205,93,3-2-1A,Bob Drummond,,"Waldport,",1978,1981
F,205,59,4A,Ashley Gilkey,,N.Valley/Hid.Valley,2004,2007
M,206,93,6A,Brendan Hughes,,Lakeridge,1989,1992
F,206,59,3-2-1A,Bridget Donohue,,Kennedy,2008,2011
M,207,93,6A,James Hester,,Hillsboro,1976,1979
F,207,59,4A,Josai Lonai,,McLoughlin,2011,2014
M,208,93,3-2-1A,Jeff Curl,,Vernonia,1973,1976
F,208,59,6A,Sue Arfman,,Grant,1974,1977
M,209,93,4A,Scott Delamarter,,Madras,1989,1992
F,209,59,3-2-1A,Danielle McLain,,Bandon,2019,2022
M,210,93,6A,Scott Jackson,,Grant,1967,1970
F,210,60,3-2-1A,Rebecca Anna,,Southw.Christian,2008,2011
M,211,93,3-2-1A,Steve Kilbreath,,Crow,1966,1969
F,211,60,3-2-1A,Susan Johnson,,Elgin,1989,1992
M,212,94,5A,Alejandro Cisneros,,Hermiston,2010,2013
F,212,60,6A,Maura O'Scannlain,,Jesuit,2021,2024
M,213,94,2A-1A,Oskar Peitsch,,Knappa,2022,2025
F,213,61,6A,Erin Jones,,Hood River,2005,2008
M,214,94,4A,Peter Moline,,Hidden Valley,2022,2025
F,214,61,3-2-1A,Jessica Lundin,,Heritage Christian,2004,2007
M,215,95,4A,Jordan Pollard,,Scappoose,2014,2017
F,215,61,6A,Marsha Lampi,,Lincoln,2003,2006
M,216,96,6A,Doug Henderson,,Lake Oswego,1981,1984
F,216,61,6A,Melanie Houser,,Pendleton,1984,1987
M,217,96,3-2-1A,Ethan Kurtz,,Elgin,1989,1992
F,217,61,3-2-1A,Sarah Cutler,,Bandon,2012,2015
M,218,96,3-2-1A,Klamath Walker,,Union,2002,2005
F,218,61,6A,Presley Robison,,Crater,2016,2019
M,219,97,6A,Jacob Gomez,,Klamath Union,1998,2001
F,219,61,4A,Isabella Coffman,,Klamath Union,2020,2023
M,220,97,6A,Kevin Pellegrino,,Klamath Union,2000,2003
F,220,61,6A,Grace Houlihan,,Lakeridge,2022,2025
M,221,97,3-2-1A,Obi Harriman,,Imatilla,2007,2010
F,221,62,4A,Meaghan Alba,,Philomath,2013,2016
M,222,97,3-2-1A,Hunter Murphy,,Pleasant Hill,2014,2017
F,222,62,4A,Nikki Swets,,Elmira,1983,1986
M,223,97,3A,Louigi Etta,,Yamhill-Carlton,2021,2024
F,223,62,4A,Hannah Rannow,,Siuslaw,2016,2019
M,224,98,6A,Carl Decker,,Bend,1989,1992
F,224,63,5A,Sage Hassell,,Mountain View,2012,2015
M,225,98,6A,Ethan Reese,,Sunset,2015,2018
F,225,63,3-2-1A,Jessica Neal,,Central Linn,2015,2018
M,226,99,Switch,Dylan Jensen,,Siuslaw,2020,2023
F,226,64,6A,Brynn Abby,,Bend,1990,1993
M,227,100,6A,Brian Horneck,,Hermiston,1999,2002
F,227,64,4A,Diane Theriault,,Oakridge,1975,1978
M,228,100,4A,John Lovik,,Sweet Home,2000,2003
F,228,65,4A,Julie Gills,,Junction City,1978,1981
M,229,101,6A,Alec Wall,,Grant,1999,2002
F,229,65,4A,Lauren Fety,,Rogue River,1998,2001
M,230,101,3-2-1A,Andrew Beyer,,Kennedy,2000,2003
M,231,101,4A,Harry Otley,,Burns,1966,1969
F,231,65,Switch,Molly Bohrer,,Marist,2009,2012
M,232,101,4A,Lalo Flores,,Phoenix,1999,2002
F,232,66,6A,Bradi Lukari,,Klamath Union,1995,1998
M,233,101,4A,Asa Marwick,,Hidden Valley,2017,2020
F,233,66,4A,Cindy Reed,,Klamath Union,2011,2014
M,234,102,6A,Cody Loy,,Bend,1997,2000
F,234,66,Switch,Melissa Wilson,,Salem Academy,1984,1987
M,235,102,4A,Dave Johnson,,Crook County,1974,1977
F,235,66,3-2-1A,Rachel Sperry,,Wahtonka,1989,1992
M,236,102,Switch,Em. Tuzroulike,,Chemawa,1965,1968
F,236,67,4A,Allegry Fety,,Rogue River,2001,2004
M,237,102,4A,Evan Carman,,Elmira,2002,2005
M,238,102,4A,Steve Modee,,Eagle Point,1965,1968
F,238,67,4A,Tiese Roberson,,Rogue River,1983,1986
M,239,102,5A,Erik Olsen,,Crater,2014,2017
F,239,68,4A,Alyssa Watson,,Hidden Valley,2007,2010
M,240,103,3-2-1A,Chris Lozier,,Enterprise,2000,2003
F,240,68,3-2-1A,Carrie Allen,,Bonanza,1993,1996
M,241,103,6A,Dylan Coleman,,Bend/Summit,2002,2005
F,241,68,4A,Erron Hanley,,Astoria,1990,1993
M,242,103,Switch,Evan Goin,,Silverton,1991,1994
F,242,68,4A,Kaylee Gruber,,Siuslaw,2003,2006
M,243,103,3-2-1A,Matt Stauber,,McKenzie,1989,1992
F,243,68,6A,Lori Foote,,Lincoln,1974,1978
M,244,104,4A,Don Wagnor,,Toledo,1989,1992
F,244,68,6A,Lucy Nusrula,,Crescent Valley,1984,1987
M,245,104,Switch,Jordan Ringe,,Hermiston,2005,2008
F,245,68,4A,Mary Hanson,,Reedsport,1974,1977
M,246,104,6A,Matthew Melancon,,Sheldon,2007,2010
F,246,68,6A,Paige Kouba,,South Eugene,2008,2011
M,247,104,4A,Paul Luccio,,La Salle,1987,1990
F,247,68,6A,Samona Brockett,,Sunset,2002,2005
M,248,104,Switch,Andrew Lackey,,Union,2016,2019
F,248,68,4A,Stacy Thomas,,Gold Beach,1986,1989
M,249,105,6A,Brian Manning,,Jesuit,2004,2007
F,249,68,4A,Hope Bridge,,Stayton,2019,2022
M,250,105,4A,Kale Cassidy,,Baker,2016,2019
F,250,68,3-2-1A,Brooke Duey,,Sisters,2022,2025
M,251,106,6A,Devin McDaniel,,Sandy,2001,2004
F,251,68,3-2-1A,Kalkidan Ellis,,Western Christian,2022,2025
M,252,106,5A,Hayden Boaz,,Summit,2021,2024
F,252,69,4A,Hadley Roe,,Siuslaw,1998,2001
M,253,107,Switch,Evan Villano,,Marist,2016,2019
F,253,69,5A,Justine Feist,,Corvallis,2011,2014
M,254,107,2A-1A,Brandon Williams,,East Linn,2017,2020
F,254,69,4A,Tia Carnahan,,Scappoose,2009,2012
M,255,108,6A,Dave Steffins,,Lakeridge,1973,1976
F,255,70,3-2-1A,Alisha Siecinski,,Oakridge,1995,1998
M,256,108,Switch,Jake Keyser,,Crater,2003,2006
F,256,70,3-2-1A,Mariah Kennedy,,Oakland,1995,1998
M,257,108,3-2-1A,Jeff Friesen,,Westside Christian,1999,2002
F,257,70,4A,Zoe Falk,,Sisters,2010,2013
M,258,109,3-2-1A,Connor Garcia,,Valley Catholic,2008,2011
F,258,70,5A,Maya Crimin,,La Salle,2021,2024
M,259,109,3-2-1A,Jeff Cash,,Col.christian,1983,1986
F,259,71,4A,Angie McFarlane,,Philomath,1983,1986
M,260,110,4A,Jeff Schreiner-McGraw,,Philomath,2007,2010
F,260,71,Switch,Bailey Schuttle,,Sherwood/Jesuit,2002,2005
M,261,110,3-2-1A,Steve Sheehy,,Union,1982,1985
F,261,71,3-2-1A,Beth Carlson,,Stanfield,1988,1991
M,262,110,4A,Devon Franske,,Tillamook,2018,2021
F,262,71,6A,Cindy Pokorney,,Centennial,1979,1982
M,263,111,4A,Bill Morris,,Reedsport,1971,1974
F,263,71,4A,Ellie Enos,,Brookings-Harbor,1995,1998
M,264,111,4A,Dale Coats,,Crook County,1975,1978
F,264,71,6A,Lucy Whipps,,St.Marys Aca.,2006,2009
M,265,111,4A,Dan Flora,,North Bend,2005,2008
F,265,71,4A,Ellieana Massey,,North Bend,2022,2025
M,266,111,4A,Logan Veasey,,La Salle,2010,2013
F,266,72,3-2-1A,LeRae Guillory,,Wallowa,1999,2002
M,267,112,3-2-1A,Jeremie Skordahl,,Oakridge,1994,1997
F,267,72,6A,Sarah Brandy,,Ashland,1991,1994
M,268,113,Switch,Colby Gillette,,Marshfield,2011,2014
F,268,72,6A,Singe Harrang,,Churchill,1974,1977
M,269,113,Switch,Cole Watson,,Rogue River,2006,2009
F,269,72,3-2-1A,Stephanie Westby,,Regis,1993,1996
M,270,113,4A,Jeff Hawes,,Madras,1985,1988
F,270,72,3-2-1A,Owyhee Harguess,,Enterprise,2022,2025
M,271,113,4A,Nathan Love,,Rogue River,1997,2000
F,271,73,3-2-1A,Jennifer Harmon,,Oakland,1986,1989
M,272,113,3-2-1A,Peter Welsh,,Neah-Kah-Nie,1999,2002
F,272,73,6A,Leandra Baringaga,,Ontario,1974,1977
M,273,113,4A,Warren Clarida,,Rogue River,1996,1999
F,273,73,6A,Natalie Nicholson,,Lakeridge/Jesuit,1996,1999
M,274,113,6A,Adam Klein,,Tualatin,2014,2017
F,274,73,4A,Brea Blakenship,,Siuslaw,2017,2020
M,275,113,2A/1A,Soren Brown,,Knappa,2021,2024
F,275,73,5A,Lucia Williams,,Corvallis,2022,2025
M,276,114,6A,Brett Holts,,Bend,1996,1999
F,276,74,5A,Delaney Clem,,Pendleton,2012,2015
M,277,114,4A,Dan Carrier,,Scappoose,2011,2014
F,277,74,3-2-1A,Teal Fleming,,Pacific,1993,1996
M,278,114,4A,Joe Morris,,Central Linn,1975,1978
M,279,114,4A,Justin Hale,,Philomath,1998,2001
F,279,75,4A,Carrie Nelson,,Hood River,1989,1992
M,280,114,3-2-1A,Sullivan Edwards,,Oakland,2000,2003
F,280,75,3-2-1A,Kaley Schneider,,Lakeview,2017,2020
M,281,115,3-2-1A,Dacid Jeffery,,Westside Christian,2004,2007
F,281,76,3-2-1A,Abigail Kiong,,Westside Christian,2003,2006
M,282,115,5A,Wilder Schaff,,Ashland,2006,2009
F,282,76,4A,DeDe Whittaker,,Sutherlin,1978,1981
M,283,115,3A,Johnathan Henderson,,Harrisburg,2022,2025
F,283,76,6A,Haley Gregorie,,Beaverton,2007,2010
M,284,116,3-2-1A,Samuel O'Reilly,,Union,2012,2015
F,284,76,4A,Heather Lawrence,,Hood River,1990,1993
M,285,116,4A,Ben Kirby,,Stayton,2016,2019
F,285,76,6A,Hollie Crosby,,Ontario,1974,1977
M,286,117,4A,Jim Scheinoff,,The Dalles,1991,1994
F,286,76,4A,Katie Romanko,,North Bend,2007,2010
M,287,117,6A,Julian Heninger,,Lakeridge,2009,2012
M,288,117,4A,Roger McCollum,,Scappoose,1979,1982
F,288,76,3-2-1A,Misty Krey,,West McEwan,1994,1997
M,289,118,6A,Bruce Matheney,,Klamath Union,1985,1988
F,289,77,3-2-1A,Paula Roberts,,Enteprrise,1983,1986
M,290,118,5A,Nolan Bylenga,,Pendleton,2012,2015
F,290,77,4A,Maia Vendervlugt,,La Grande,2016,2019
M,291,119,4A,Tyler Bushness,,Philomath,1991,1994
F,291,78,3-2-1A,Audra Loeber,,Pacific,1999,2002
F,292,79,5A,Jessica Wolfe,,Bend/Mt.View,2008,2011
M,293,120,4A,Kevin Macintosh,,Illinois Valley,1990,1993
F,293,79,3-2-1A,Lauren Stokley,,Kennedy,2011,2014
M,294,120,3-2-1A,Michael Cox,,Union,2005,2008
F,294,79,5A,Hannah Mason,,Lebanon,2014,2017
M,295,120,3A,Peter Davis,,Valley Catholic,2021,2024
F,295,80,3-2-1A,Ali Brauer,,Portland Lutherian,2007,2010
M,296,121,3-2-1A,Nick Martin,,Southwest Christian,2009,2012
F,296,80,6A,Melynda Davis,,Barlow,1982,1985
M,297,121,6A,Taylor West,,West Linn,2007,2010
F,297,80,6A,Paris Edwards,,Ashland,1997,2000
M,298,122,4A,Kevin Jantzer,,Phoenix,2003,2006
F,298,80,3-2-1A,Yvonne Yamanaka,,Ore.Episcopol,2000,2003
M,299,123,5A,Cole Fiegener,,Corvallis,2021,2024
F,299,80,3-2-1A,Lauren Tittel,,Oregon Episcopal,2021,2024
M,300,124,6A,Brent Westfall,,Bend,1986,1989
F,300,81,6A,Erin McLoughlin,,Milwaukie,2006,2009
M,301,124,5A,Luke Ninz,,Summit,2009,2012
F,301,81,6A,Katie Brandy,,Ashland,1990,1993
M,302,124,6A,Tony Milton,,Redmond,1973,1976
F,302,81,4A,Tyrza Hunt,,Tillamook,1985,1988
M,303,125,3-2-1A,Alex Cummings,,Cascade Christian,2009,2012
F,303,81,6A,Sarah Lyell,,St.Marys Academy,2015,2018
M,304,125,4A,Jim Howarth,,Rogue River,1981,1984
F,304,82,3-2-1A,Ashley Sharrat,,Union,2000,2003
M,305,125,4A,Zach Hackett,,Wilsonville,1999,2002
F,305,82,6A,Ginny Coornog,,South Eugene,1984,1987
M,306,126,Switch,Dakota Pittulo,,Marshfield,2011,2014
F,306,83,6A,Lacey Connor,,St.Marys Academy,2012,2015
M,307,126,6A,John Hoeck,,Churchill,1999,2002
F,307,83,6A,Shannon Mahoney,,Jesuit,2007,2010
M,308,126,3-2-1A,Tim McPherson,,Cascade Christian,2011,2014
F,308,84,4A,Emily Fujita-Conrads,,Sisters,2006,2009
M,309,126,3-2-1A,Finn James,,Riverdale,2014,2017
F,309,84,3-2-1A,Orie Gamez,,Oakridge,2003,2006
M,310,126,5A,JD Arthur,,Silverton,2021,2024
F,310,84,3-2-1A,Sue Thomas,,Pacific,1975,1978
M,311,127,3-2-1A,Callan Stowell,,Pleasant Hill,2014,2017
F,311,84,6A,Tara Carlson,,Grants Pass,1988,1991
M,312,128,3-2-1A,Aaron Lane,,Southwest Christian,2013,2016
F,312,84,6A,Anna Chau,,South Salem,2015,2018
M,313,128,4A,Riley Frisby,,Ontario,2001,2004
F,313,84,Switch,Corduroy Holbrook,,Siuslaw,2020,2023
M,314,128,3A,Talon Morris,,Burns,2021,2024
F,314,85,5A,Daisy Dolan,,Hood River,2013,2016
M,315,130,6A,Max Norman,,Forest Grove,2014,2017
F,315,85,3-2-1A,Eliza Smith,,Blanchett Christian,2009,2012
M,316,131,4A,Dale Hanson,,Reedsport,1971,1974
F,316,86,4A,Andrea Fischer,,Molalla,1995,1998
M,317,131,Switch,Tspencer Tisdel,,Sisters,2021,2024
F,317,86,6A,Claire DeVoe,,Lincoln,2008,2011
M,318,131,3A,Noah Eichenbusch,,Glide,2021,2024
F,318,86,3-2-1A,Erin Kroeker,,Triad Christian,2004,2007
M,319,132,3-2-1A,Bryan Schmitz,,St.Paul,1999,2002
F,319,86,3-2-1A,Jackie Palanak,,Oakridge,1998,2001
M,320,132,3-2-1A,Jon Allaire,,New Hope Christian,2002,2005
F,320,86,3-2-1A,Nicole Fleming,,McKenzie,2003,2006
M,321,133,5A,Mark Sheridan,,Churchill,2007,2010
F,321,86,6A,Phacelia Cramer,,South Eugene,2011,2014
M,322,133,4A,Nelson Zaludek,,Elmira,2003,2006
F,322,87,3-2-1A,Elly Wells,,Union,2012,2015
M,323,133,4A,Paul Schmidt,,Central,1982,1985
F,323,87,4A,Olivia Johnson,,Sweet Home,2007,2010
M,324,134,4A,David Hiser,,Philomath,1984,1987
F,324,87,4A,Whitney Dye,,Philomath,1986,1989
M,325,134,6A,Steve McChesney,,South Eugene,1971,1974
F,325,88,4A,Diane Hess,,North Valley,1978,1981
M,326,135,3-2-1A,Dan Petrie,,Oakridge,1996,1999
F,326,88,4A,Erin Gerhardt,,North Marion,1998,2001
M,327,135,4A,Don Alberto,,Henley,1977,1980
F,327,88,6A,Jean-Marie Peterson,,Canby,1999,2002
M,328,135,6A,Fred Sproul,,Astoria,1975,1978
F,328,88,6A,Kennedy Allen,,David Douglas,2012,2015
M,329,135,4A,Rusty Cooper,,Glide,1988,1991
F,329,88,6A,Liz Becker,,Sunset,1981,1984
M,330,135,6A,Steve Renoud,,Grants Pass,1990,1993
F,330,88,6A,Shellie Satran,,Tigard,1993,1996
M,331,136,6A,Sage Canaday,,Newberg,2000,2003
F,331,88,5A,Sasha Kelly,,Crescent Valley,2021,2024
M,332,137,4A,John Waller,,Glide,1990,1993
F,332,88,5A,Sly Perrin,,Hood River Valley,2022,2025
M,333,137,6A,Nate Hicken,,Sherwood,2016,2019
F,333,89,6A,Laura Matzke,,Forest Grove,2006,2009
M,334,138,6A,Jacob Allmaras,,North Medford,2015,2018
F,334,90,5A,Margarite Lauer,,Franklin,2010,2013
M,335,138,4A,John Clement,,Astoria,2019,2022
F,335,90,4A,Whitney Averill,,Tillamook,2016,2019
M,336,139,Switch,Gabe Garboden,,Marist,2015,2018
F,336,91,6A,Andrea Schwartz,,Tigard,1996,1999
M,337,139,3A,Tanner King,,Oregon Episcopal,2021,2024
F,337,91,4A,Deanna Van Leeuven,,Elmira,1978,1981
M,338,140,3-2-1A,Bob Grand,,Oakridge,1994,1997
F,338,92,4A,Jackie Conlee,,Philomath,1988,1991
M,339,140,6A,Cullen Wanarka,,West Linn,2007,2010
F,339,93,4A,Katelyn Wells,,Siuslaw,2010,2013
M,340,140,Switch,Aero Franklin,,Bandon,2016,2019
F,340,93,4A,Stephanie Bogman,,Rogue River,1986,1989
M,341,142,3-2-1A,John Stevens,,Griswald,1972,1975
F,341,93,4A,Ella Cardwell,,Cottage Grove,2022,2025
M,342,142,3-2-1A,Stephen Reiff,,Westside Christian,2002,2005
F,342,95,4A,Erin Seward,,Yamhill-Carlton,1995,1998
M,343,142,6A,Will Lee,,Wilson,1980,1983
F,343,95,6A,Melissa Wagoner,,South Medford,1992,1995
M,344,142,Switch,Kyle Becker,,Valley Catholic,2020,2023
F,344,95,5A,Meredith Wells,,Crescent Valley,2008,2011
M,345,143,6A,Eric Logsden,,Canby,1996,1999
F,345,95,6A,Greta Anderson,,Jesuit,2015,2018
M,346,143,6A,Taylor Hallvik,,Tualatin,1997,2000
F,346,96,3-2-1A,Mary Lackoff,,Union,1985,1988
M,347,144,3-2-1A,Kyle Stair,,Santiam,2002,2005
F,347,96,3-2-1A,Shannon Edwards,,W.Christian,1998,2001
M,348,144,6A,Sean Coleman,,Canby,2003,2006
M,349,144,2A-1A,Jackson Duringer,,Central Linn,2022,2025
F,349,97,6A,Leann Warren,,Crescent Valley,1975,1978
M,350,144,4A,Josef Simonis,,La Grande,2022,2025
F,350,97,3-2-1A,Maru Hellinger,,Enterprise,2022,2025
M,351,145,4A,Dan Thorpe,,Cascade,1975,1978
F,351,98,4A,Jessianne Heley,,North Bend,2004,2007
M,352,145,3-2-1A,Mark Thorne,,Griswald,1972,1975
F,352,98,3-2-1A,Athena Lau,,Scio,2019,2022
M,353,146,4A,Benton Urquhart,,Sisters,2005,2008
F,353,99,3-2-1A,Hannah Rowley,,PortlandWaldorf,2002,2005
M,354,146,Switch,Dan Heuberger,,Hood River,1991,1994
M,355,146,6A,Scott Wall,,Grant/Central Catholic,2003,2006
F,355,99,3-2-1A,Kathryn Sheehy,,Union,2013,2016
M,356,146,4A,Chad Hughes,,Siuslaw,2018,2021
F,356,99,4A,Megan Hibner,,North Bend,2002,2005
M,357,146,5A,Hunter Davis,,Crook County,2022,2025
F,357,99,5A,Gabriella Salvione,,Putnam,2021,2024
F,358,100,4A,Kristen LaChapelle,,Cascade,2010,2013
M,359,147,4A,Kyle Staten,,Hidden Valley,2019,2022
F,359,100,3-2-1A,Morgan Matthews,,Ore.Episcopal,2020,2023
M,360,148,3-2-1A,Austin Moothart,,Regis,2000,2003
F,360,100,5A,Jadyn Kipe,,Wilsonville,2021,2024
M,361,148,4A,Ryan Murphy,,Phoenix,1993,1996
F,361,101,3-2-1A,Megan Klech,,Union,1992,1995
M,362,148,6A,Tom McKillip,,Wilson,1980,1983
F,362,101,Switch,Maya Wells,,"Siuslaw,",2021,2024
M,363,149,3-2-1A,Cherokee Walker,,Union,1995,1998
F,363,102,6A,Alexa Kerns,,St.Marys Academy,2006,2009
M,364,149,4A,Jasper Devereaux,,Astoria,1995,1998
F,364,102,4A,Jennifer Coleman,,Sherwood,1988,1991
M,365,149,4A,Lee Jenkerson,,Scappoose,1982,1985
F,365,102,6A,Maren Westby,,West Salem,2004,2007
M,366,150,Switch,Ian Burgess,,Franklin,2007,2010
F,366,102,3-2-1A,Nora Barrons,,Blanchet Christian,1999,2002
M,367,150,3-2-1A,Nathan Griffith,,Oaridge,1994,1997
F,367,102,Switch,Addison McNeill,,Siuslaw,2021,2024
M,368,150,5A,Isaac Sanchez,,Hermiston,2014,2017
F,368,103,5A,Claire Krizan,,"Crescent Valley,",2007,2010
M,369,151,4A,Dan Poet,,Pleasant Hill,1984,1987
F,369,103,4A,Kim McClure,,Salem Academy,1981,1984
M,370,151,4A,Joey Pollard,,Phoenix,1983,1986
F,370,103,4A,Sierra Lee,,Siuslaw,2003,2006
F,371,103,4A,Tessa Vergari,,Baker,1999,2002
M,372,155,3-2-1A,Jaime Venegas,,Nyssa,2007,2010
F,372,103,4A,Anna Bartlett,,Sisters,2014,2017
M,373,155,4A,Jesse Cronin,,Scappoose,2002,2005
F,373,104,6A,Miranda Voorhees,,Oregon City,1997,2000
M,374,155,4A,Parker Elder,,Scappoose,2006,2009
F,374,104,Switch,Ella Bartlett,,Sisters,2020,2023
M,375,155,5A,Nicholas Whitaker,,Wilsonville,2014,2017
F,375,105,3-2-1A,Amanda Davis,,Kennedy,2002,2005
M,376,156,4A,Doug Luccio,,La Salle,1985,1988
F,376,105,4A,Aurora Olson,,Astoria,2009,2012
M,377,157,3-2-1A,Jon Pennington,,Amity,2006,2009
F,377,105,3-2-1A,Emily Halsell,,Coquille,2004,2007
M,378,157,5A,Ian Vickstrom,,Corvallis,2014,2017
F,378,105,4A,Megan Smith,,Scappoose,2002,2005
M,379,158,3-2-1A,Ben Burns,,Southwest Christian,2005,2008
F,379,106,6A,Cindy Rigutto,,Roseburg,1982,1985
M,380,158,3-2-1A,Brian Roesler,,Western Christian,1996,1999
F,380,106,6A,Julie Mullin,,Aloha,1980,1983
M,381,158,4A,Michael Haugen,,Scappoose,1998,2001
M,382,158,4A,Zach Hibbs,,Phoenix,2007,2010
F,382,106,6A,Stephanie Glowa,,Wilson,1982,1985
M,383,159,4A,Justin Temple,,Sweet Home,1997,2000
F,383,106,4A,Sofia Kaaen,,Baker,2021,2024
F,384,106,6A,Elyse Henriksen,,Lincoln,2022,2025
M,385,160,6A,Scott Beyers,,Corvallis,1996,1999
F,385,107,4A,Breanne Santos,,Glide,1993,1996
M,386,161,4A,Alex Scharmann,,La Pine,1999,2002
F,386,107,5A,Brigid Behrens,,Corvallis,2008,2011
M,387,161,4A,Daniel Engle,,Phoenix,2005,2008
F,387,107,Switch,Hope Powell,,Creswell/Marist,2013,2016
M,388,161,6A,Lauran Jesperson,,Klamath Union,1999,2002
F,388,107,3-2-1A,Jeni Mair,,Regis,1987,1990
M,389,161,4A,Rob Roley,,Madras,1979,1982
F,389,107,3-2-1A,Maddie Miller,,Catlin Gabel,2003,2006
M,390,162,4A,Jeff Pierce,,Reedsport,1981,1984
F,390,108,4A,Meghan Mulligan,,Sherwood,2002,2005
M,391,162,6A,John Wetzsteon,,West Linn,2015,2018
F,391,108,3-2-1A,Rachel Novak,,Hosanna Christian,2002,2005
M,392,162,6A,Kai Jensen,,Cleveland,2022,2025
F,392,108,3-2-1A,Ella Coughlan,,Enterprise,2015,2018
M,393,163,4A,Jeff Bake,,Tillamook,1976,1979
F,393,108,5A,Emilia Sherman,,Springfield,2015,2018
M,394,163,3A,Camden Linton,,Siuslaw,2022,2025
F,394,108,Switch,Isabella Zachem,,Marist,2016,2019
M,395,164,6A,Tye Van Scholack,,Clackamas,1984,1987
F,395,109,6A,Audrey Botti,,Sunset,2005,2008
M,396,165,6A,Bob Fulton,,Benson,1972,1975
F,396,109,3-2-1A,Christina Boat,,Myrtle Point,2002,2005
M,397,165,5A,Ryan St.Clair,,Summit,2008,2011
F,397,109,6A,Dawn Morgan,,McKay,1998,2001
M,398,165,4A,Taylor Groth,,Glide,1995,1998
F,398,109,4A,Jessica Markham,,Banks,2007,2010
M,399,165,5A,Kai Wagner,,Hood River Valley,2021,2025
F,399,109,3-2-1A,Julie Hammerby,,Vernonia,1982,1985
M,400,166,4A,David Dorr,,Philomath,1999,2002
F,400,109,6A,Caramia Mestler,,Sheldon,2014,2017
M,401,166,6A,Todd Washburn,,Newberg,1985,1988
F,401,109,3-2-1A,Taylor Weishaar,,Union,2022,2025
M,403,167,3-2-1A,James Stenkamp,,Enterprise,1994,1997
F,403,111,4A,Jama Sutphin,,Henley,1992,1995
M,404,169,6A,Andy Crick,,Centennial,1983,1986
F,404,111,4A,Tasha Bushnell,,Philomath,1989,1992
M,405,169,6A,Eric Fahlman,,Sunset,1979,1982
F,405,111,6A,Elise Abbott,,Sprague,2015,2018
M,406,169,4A,Jason Arbour,,Hidden Valley,2005,2008
F,406,111,4A,Sydney Keller,,Baker,2017,2020
M,407,169,4A,Tucker Lewis,,Siuslaw,2000,2003
F,407,112,4A,Brianna Loughridge,,Molalla,2012,2015
M,408,170,Switch,Gustavo Cortez,,Marshall,2007,2010
F,408,112,4A,Robi Osborne,,Madras,1981,1984
M,409,171,4A,Nick Jenkins,,Scappoose,1999,2002
F,409,112,4A,Sarah Hagy,,Phoenix,2007,2010
F,410,112,3-2-1A,Tanager Stanhope,,Elgin,1994,1997
M,411,172,3-2-1A,Jeremiah Cullett,,Canyonville,1991,1994
F,411,113,3-2-1A,Andrea Gauger,,Canyonville Chr.,1987,1990
M,412,172,4A,Ted Cook,,Gladstone,1976,1979
F,412,113,6A,Dana Stamper,,North Bend,1978,1981
M,413,172,4A,Benedict Welch,,La Grande,2015,2018
F,413,113,4A,Mary Chelone,,Tillamook,2007,2010
F,414,113,4A,Whitney Harris,,Baker,1999,2002
M,415,174,4A,Leland Fulton,,Philomath,2000,2003
F,415,114,3-2-1A,Anna Sweeney,,Coquille,2012,2015
M,416,174,4A,Riley Cronin,,Scappoose,2005,2008
F,416,114,4A,Bridget Cooke,,Yamhill-Carlton,1975,1977
M,417,174,3A,Elijah Schaal,,Valley Catholic,2022,2025
F,417,114,3-2-1A,Molly Gholston,,Wahtonka,1980,1983
M,418,175,3-2-1A,Bryce Madsen,,Bonanza,1994,1997
F,418,114,6A,Madison Willhoft,,North Salem,2014,2017
M,419,175,6A,Jenner Higgins,,Sheldon,2013,2016
F,419,115,4A,Anne Hagy,,Phoenix,2004,2007
M,420,178,6A,Matt Moss,,Sunset,1978,1981
F,420,115,4A,Connie Beeks,,Scappoose,2001,2004
M,421,178,Switch,Weston Carmichal,,Vale,2002,2005
F,421,115,4A,Deidre Dye,,Philomath,1983,1986
M,422,179,4A,Josh Smith,,Burns,1996,1999
F,422,115,3-2-1A,Zoe Engwall,,East Linn Christian,2008,2011
M,423,180,4A,Earl Brown,,Hidden Valley,2006,2009
F,423,115,3-2-1A,Eliza Irish,,Enterprise,2014,2017
M,424,180,4A,Greg Contreras,,Ontario,1997,2000
F,424,115,3-2-1A,Opal McDonald,,Enterprise,2022,2025
M,425,180,4A,Caleb Christian,,Hidden Valley,2019,2022
F,425,116,6A,Arica Dudley,,Marshfield,1989,1992
M,426,181,4A,Justin Mans,,Siuslaw,1994,1997
F,426,116,6A,Condy Wallace,,South Medford,1992,1995
M,427,181,4A,Sam Lynass,,North Bend,2006,2009
F,427,116,Switch,Monica Anderson,,Marist,2009,2012
M,428,181,3A,Kale Jensen,,Siuslaw,2022,2025
F,428,116,3-2-1A,Peggy Ebenshade,,Siletz,1975,1978
M,429,183,3-2-1A,Josh Cunningham,,New Hope Chr.,2002,2005
F,429,116,3-2-1A,Sara Seiwald,,Valley Catholic,2007,2010
M,430,185,6A,Seth Berdahl,,Forest Grove,2011,2014
F,430,116,4A,Ella Zilli,,Astoria,2019,2022
M,431,185,4A,Trevor Fresse,,Baker,2007,2010
F,431,116,5A,Grace Flowerfay,,Putnam,2021,2024
M,432,186,5A,Joseph Niegerwerfer,,Hermiston,2012,2015
F,432,116,3-2-1A,Abigail Hurley,,Enteprrise,2022,2025
M,433,186,Switch,Miles Corrigan,,Westside Christian,2020,2023
F,433,117,4A,Clarita Twonbley,,Siuslaw,2006,2009
M,434,186,6A,Eliliano Diaz-Garcia,,Clackamas,2022,2025
F,434,117,4A,Georgia Benner,,Scappoose,2014,2017
M,435,188,6A,Devin Barlow,,Crescent Valley,1997,2000
F,435,118,3-2-1A,Beth Van Veen,,Regis,1987,1990
M,436,189,4A,Brent Zartman,,Coquille,1986,1989
F,436,118,4A,Jennifer Painter,,Rainier,1993,1996
M,437,189,6A,Kalen Abbott,,Oregon City,1997,2000
F,437,118,4A,Aubrey Syrnyk,,Klamath Union,2020,2023
M,438,189,6A,Daniel Beckstead,,Grants Pass,2015,2018
F,438,119,4A,Danielle Brandt,,Henley,1993,1996
M,439,189,2A-1A,Eli Dilworth,,Monroe,2022,2025
F,439,119,6A,Kendall Nelson,,Crater,2001,2004
M,440,191,4A,Corey Pearson,,Yamhill-Carlton,1983,1986
F,440,119,6A,Emily Robertson,,Franklin,2021,2024
M,441,191,6A,Eamonn Kerr-Daly,,South Eugene,2005,2008
F,441,120,3-2-1A,Candace Carmichael,,Vale,2006,2009
M,442,192,5A,Connor Devereaux,,Marshfield,2009,2012
F,442,120,4A,Rebekah Duby,,Baker,1999,2002
M,443,192,4A,Jon Brauer,,Siuslaw,1975,1978
F,443,122,5A,Aiyanna Cameron-Lewis,,Cres.Val.,2010,2013
M,444,192,3-2-1A,Leonel Jines,,Kennedy,2007,2010
M,445,193,4A,Andrew Damitio,,Philomath,2011,2014
F,445,122,6A,Lauren Brownrigg,,Tualatin,1996,1999
M,446,193,4A,Ben Ballinger,,The Dalles,1997,2000
F,446,123,3-2-1A,Beth Carney,,Regis,1976,1979
M,447,193,6A,Clancy Devery,,South Salem,1974,1977
F,447,123,4A,Taci Craigmiles,,Henley,1982,1985
M,448,193,3-2-1A,Steve Terjeson,,Griswald,1971,1974
F,448,123,5A,Gracen Hokanson,,Crater,2016,2019
M,449,193,4A,Tim Rierson,,Scappoose,1979,1982
F,449,125,4A,Alyn Moncsko,,Central,2008,2011
M,450,194,4A,Aaron Eckert,,Astoria,1997,2000
F,450,125,4A,Heather Seeborg,,Seaside,1991,1994
M,451,194,4A,Anthony Young,,Newport,1993,1996
F,451,125,4A,Gwendolyn Rasmussen,,Baker,2022,2025
M,452,194,3-2-1A,Michael O'Reilly,,Union,2008,2011
F,452,126,4A,Jennifer Simpson,,Burns,1991,1994
M,453,194,3-2-1A,Orin Osborne,,East Linn Christian,2012,2015
F,453,126,4A,Katie Douglas,,McLoughlin,1989,1992
M,454,194,4A,Ryan Clar,,Wilsonville,2002,2005
F,454,126,5A,Maria Ingersoll,,Corvallis,2012,2015
M,455,195,4A,Andrew Watson,,Hidden Valley,2005,2008
F,455,127,6A,Heather Spinney,,Sheldon,2001,2004
M,456,195,3-2-1A,Drew Church,,Regis,2001,2004
F,456,127,4A,Sigi Knoll,,Silverton,1987,1990
M,457,195,3-2-1A,Jim Rankin,,Griswald,1971,1974
F,457,127,3-2-1A,McKenzie Collins,,East Linn Chr.,2011,2013
M,458,195,6A,JJ Campbell,,West Salem,2006,2009
F,458,128,3-2-1A,Emily Sandoz,,Catlin Gabel,1998,2001
M,459,198,4A,Boone McCoy-Crisp,,Philomath,2008,2011
M,460,198,4A,Chris Cline,,Hidden Valley,2005,2008
F,460,129,6A,Erica Johnson,,Bend,1999,2002
M,461,198,5A,Joseph Wal,,Corvallis,2007,2010
F,461,130,6A,Becky Graham,,Clackamas,1990,1993
M,462,198,3-2-1A,Luke Jagger,,Regis,1999,2002
F,462,130,3-2-1A,Michelle Kaaen,,Vale,2005,2008
M,463,198,Switch,Charlie Leader,,Scappoose,2021,2024
F,463,131,4A,Amanda Santos,,Glide,1989,1992
M,464,199,3-2-1A,Robert Arnold,,McKenzie,1988,1991
M,465,199,6A,Nate Tavakolian,,South Eugene,2016,2019
F,465,131,6A,Mara Larson,,South Salem,1993,1996
M,466,200,5A,Sam Collins,,Wilsonville,2009,2012
F,466,131,3-2-1A,Murph Pfohman,,Catlin Gabel,2004,2007
M,467,201,Switch,Lucas Hindman,,Taft,2016,2019
F,467,131,5A,Ella Rosling,,Crescent Valley,2022,2025
M,468,203,4A,Colby McDougal,,Phoenix,1993,1996
F,468,132,4A,Heidi Straub,,Marist,1989,1992
M,469,203,6A,Justin Loftus,,Ashland,1986,1989
M,470,205,6A,Tyler Callaway,,Sandy,2016,2019
M,471,206,4A,Adam Chizek,,Phoenix,2000,2003
F,471,135,3-2-1A,Diane Gustafson,,Oakridge,1982,1985
M,472,207,3-2-1A,John Krzeszak,,Wahtonka,1990,1993
F,472,135,4A,Heather Loughridge,,Molalla,2012,2015
M,473,207,5A,Max Gorschels,,Corvallis,2006,2009
F,473,135,3-2-1A,Liz Hebert,,Oakridge,1984,1987
M,474,207,4A,Mitchell Thomas,,Philomath,2011,2014
F,474,136,6A,Julie Berkey,,South Eugene,1985,1988
M,475,211,3-2-1A,Cody Aaisma,,Nestucca,2008,2011
F,475,136,3-2-1A,Kassie Anthony,,Vale,2008,2011
M,476,211,4A,Liam Pickhardt,,Crook County,2012,2015
F,476,136,6A,Melissa Berry,,Sheldon,2014,2017
F,477,136,4A,Gracie Freudenthal,,Siuslaw,2017,2020
M,478,212,3-2-1A,Tyler Wendt,,Nyssa,2007,2010
F,478,137,6A,Andrea Dettman,,Centennial,2007,2010
M,479,213,Switch,Daniel Vermillion,,Westside Christian,2020,2023
F,479,137,4A,Nora Burke,,St.Helens,1991,1994
M,480,214,4A,Caleb Murie,,La Grande,2019,2022
F,480,137,6A,Nora Wilson,,South Eugene,2007,2010
M,481,215,6A,Nathan Knutson,,Grant,2004,2007
F,481,138,4A,Corah Downing,,Baker,2017,2020
M,482,216,4A,Quinn Susuki,,Ontario,2014,2017
F,482,139,3-2-1A,Grethcen George,,Knappa,2004,2007
M,483,217,3-2-1A,Brian Monton,,Nestucca,1994,1997
F,483,139,6A,Kelsey Bradshaw,,South Medford,2006,2009
M,484,218,6A,Ben English,,South Eugene,1989,1992
F,484,139,4A,Hannah McDaniel,,Philomath,2021,2024
M,485,219,3-2-1A,Will Sherland,,Oakridge,1993,1996
F,485,139,4A,Leona Higgins,,Klamath Union,2022,2025
M,486,220,6A,Forest Jarvi,,Sprague,2004,2007
F,486,140,4A,Emily James,,Douglas,2006,2009
M,487,221,5A,Cameron Clark,,Summit,2007,2010
F,487,140,3-2-1A,Hannah Jacquiss,,Catlin Gabel,2009,2012
M,488,221,5A,Sam Naffziger,,Summit,2008,2011
F,488,140,4A,Lindsey Vermillion,,Phoenix,2010,2013
M,489,221,Switch,Izaak Frey,,Santiam Christian,2020,2023
F,489,140,4A,Michelle Glackin,,Astoria,1981,1984
M,490,222,3-2-1A,Michael Sherman,,McKenzie,2006,2009
F,490,140,4A,Stacie Stepp,,Gold Beach,1980,1983
M,491,222,3-2-1A,Steve Allen,,Knappa,2004,2007
F,491,141,6A,Cathy Girardeau,,Churchill,1976,1979
M,492,222,4A,TJ Axel,,Brookings-Harbor,1997,2000
F,492,141,6A,Chris Klausman,,Franklin,1977,1980
M,493,222,6A,Benjamin Kehrein,,Sheldon,2022,2025
M,494,226,3-2-1A,Juan Ahuatl,,Kennedy,2007,2010
F,494,141,5A,Hannah Pyhman,,Crater,2022,2025
M,495,226,4A,Mike Hilverda,,Cascade,1996,1999
F,496,142,4A,Vicki Coudreit,,Philomath,1991,1994
M,496,229,4A,Dyut Fetrow,,Sisters,2012,2015
F,497,143,4A,Felisha Aho,,Molalla,2009,2012
M,497,229,4A,Lucas Stearns,,Baker,2016,2019
F,497,143,3-2-1A,Kristi Coleman,,Regis,1985,1988
M,498,230,6A,Hunter Mosman,,West Salem,2012,2015
F,498,143,3-2-1A,Maddy Case,,Catlin Gabel,2004,2007
M,499,231,4A,William Laman,,Astoria,2022,2025
F,499,143,3-2-1A,Rachel Ledig,,Bandon,2006,2009
M,500,232,3-2-1A,Wes Anderson,,East Linn Christian,2013,2016
F,500,144,3-2-1A,Emily Hillmer,,Blanchet Christian,2007,2010
M,501,236,6A,Doug Dilday,,Bend,1987,1990
F,501,144,6A,Linda Surface,,Clackamas,1974,1977
M,502,236,3-2-1A,Matt Gerig,,Kennedy,1998,2001
F,502,144,6A,Elizabeth McCart,,South Eugene,2021,2025
M,503,237,4A,Dean Altenhofen,,Marist,1985,1988
F,503,145,4A,Hallie Morrison,,Philomath,2021,2024
M,504,238,4A,Dusty Atwood,,Astoria,1990,1993
F,504,146,6A,Genevie Brandt,,South Eugene,2009,2012
M,505,239,3-2-1A,Tony Weaver,,Southwest Christian,2011,2014
F,505,146,6A,Jantzen Mazziotti,,Sheldon,2013,2016
M,506,239,6A,Garrett Fenske,,West Salem,2021,2024
F,506,147,4A,Jordi Hurd,,Phoenix,2004,2007
M,507,241,4A,Javier Orozco,,Central,2005,2008
F,507,147,3-2-1A,Sophie Smith,,Pleasant Hill,2011,2014
M,508,241,4A,David Prudell,,Hidden Valley,2014,2017
F,508,148,4A,Aria Blumm,,Sisters,2011,2014
M,509,242,4A,John Wittwer,,Sweet Home,1988,1991
F,509,148,3-2-1A,Kristie Abbott,,Harrisburg,1988,1991
M,510,242,6A,Rod Gilbert,,Wilson,1980,1983
F,510,149,5A,Makenzie Naffziger,,Summit,2006,2009
M,511,244,4A,Tyler Lawson,,Crook County,2014,2017
F,511,149,6A,Marilyn Coy,,Oregon City,1997,2000
M,512,245,3-2-1A,James Hare,,Oakridge,1990,1993
F,512,149,5A,Isabella Ayala,,Lebanon,2015,2018
M,513,245,4A,John Peck,,Taft,1999,2002
F,513,150,4A,Alexis Mitzel,,Cascade,2008,2011
M,514,246,4A,Richard Swingle,,Phoenix,1983,1986
F,514,150,6A,Erin Bergmann,,St.Marys Academy,2007,2010
M,515,248,4A,Jeff Keck,,Siuslaw/South Umpqua,1996,1999
F,515,150,6A,Janet Beaudry,,Milwaukie,1977,1980
M,516,249,4A,Luke Habberstad,,The Dalles,1995,1998
F,516,150,6A,Sara McClune,,Crescent Valley,2002,2005
M,517,249,6A,Sky Brandt,,South Eugene,1998,2001
F,517,150,3-2-1A,Riley Archer,,Happner,2022,2025
M,518,154,3-2-1A,Madeline Volk,,St.Marys(Medford),2012,2015
M,519,252,3A,Benjamin Robinson,,Santiam Christian,2021,2024
F,519,154,3-2-1A,Megan Haueter,,Bandon,2007,2010
M,520,253,6A,Mason Gerwig,,Sunset,2016,2019
M,521,256,6A,Brett Gesh,,Thurston,1986,1989
F,521,155,4A,Teri Whitaker,,St.Marys(Medford),1979,1982
M,522,257,3-2-1A,Nathan Oberman,,Oakland,2012,2015
F,522,155,4A,Madison Bushnell,,Philomath,2016,2019
M,523,258,5A,Davis Kerr,,Hood River Valley,2021,2024
F,523,157,4A,Julie Martin,,Henley,1983,1986
M,524,261,6A,Dash Lipsey,,West Linn,2016,2019
F,524,158,6A,Andrea Casey,,Jesuit,1993,1996
M,525,262,4A,Will Mitchell,,Vale,1984,1987
M,526,266,5A,Matt McConnell,,"Madison,",2007,2010
F,526,158,4A,Susan Leavitt,,Oakridge,1974,1977
M,527,269,3-2-1A,Kyle Kinyon,,Kennedy,2012,2015
F,527,158,6A,Tricia Sliger,,"Oregon City,",1979,1982
M,528,269,3-2-1A,Kyler Martin,,Pleasant Hill,2014,2017
F,528,158,6A,Hannah Aquirre,,Forest Grove,2015,2018
M,529,271,6A,Matthew Lovos,Matther Lovos,Tualatin,2011,2014
F,529,159,3-2-1A,Alej Basl,,Regis,1994,1997
M,530,272,4A,Cody Lomica,,Hidden Valley,2014,2017
F,530,159,4A,Anne Wartnik,,Siuslaw,2016,2019
M,531,273,3-2-1A,Garrick Kalmeta,,Westside Christian,2009,2012
F,531,160,6A,Annette Mosey,,St.Marys Aca.,1996,1999
M,532,274,6A,Erik Landeen,,Oregon City,2011,2014
F,532,160,Switch,Dakota Steen,,Redmond/Ridgeview,2010,2013
M,533,274,4A,Gabe Mariman,,Philomath,1995,1998
M,534,274,6A,Max Borgmeier,,Ida B Wells,2021,2024
F,534,160,Switch,Tessa Scott,,Wilsonville,2004,2007
M,535,276,4A,David Hicks,,Glide,1993,1996
F,535,160,3-2-1A,Adylin Holbrook,,Siuslaw,2022,2025
M,536,277,6A,David Clark,,West Salem,2008,2011
F,536,161,4A,Carissa Swanson,,Sweet Home,2007,2010
M,537,282,4A,Neil Waite,,Vale,1982,1985
F,537,161,Switch,Delaney Hartman,,Franklin,2013,2016
M,538,282,3-2-1A,Evan Morris,,Riverdale,2014,2017
F,538,161,6A,Kristen Malott,,Crescent Valley,1984,1987
M,539,282,3-2-1A,Christian Strawn,,East Linn,2014,2017
F,539,162,3-2-1A,Cundy Skinner,,Vernonia,1980,1983
M,540,284,3-2-1A,Alex Palmer,,Union,2005,2008
F,540,162,3-2-1A,Lacey Vendenberg,,Lakeview,2006,2009
M,541,285,Switch,Declan Wark,,McMinnville/W.Chr,2018,2021
F,541,162,4A,Macadia Calavan,,Sisters,2012,2015
M,542,286,4A,Jacob Simeon,,La Salle,2006,2009
M,543,286,6A,Scott Baird,,Ashland,1986,1989
F,543,162,5A,Alexa Hague,,Ashland,2015,2018
M,544,290,6A,Morgan Reed,,Sandy,1994,1997
F,544,163,Switch,Amelia Yaeger,,Crescent Valley,2004,2007
M,545,291,4A,Phil McKnight,,Sweet Home,1992,1995
F,545,163,5A,Kylie Thalhofer,,"Sherwood,",2008,2011
M,546,299,4A,Zach Reichenberger,,North Bend,2006,2009
F,546,163,3-2-1A,Cassie Traeger,,Kennedy,2017,2020
M,547,299,4A,Donald Sweet,,La Grande,2018,2021
F,547,164,4A,Andrea Dalton,,Sweet Home,1992,1995
M,548,303,6A,Gustav Blank,,McMinnvile,2021,2024
F,548,164,3-2-1A,Christine Weston,,Catlin Gabel,2006,2009
M,549,306,6A,Kevin Wooley,,Reynolds,2006,2009
F,549,164,4A,Kris Powell,,Seaside,1991,1994
M,550,311,4A,Jonnue Dunne,,Astoria,2002,2005
M,551,311,3-2-1A,Zeke Emmons,,Westside Christian,2000,2003
F,551,164,6A,Taylor Sheldon,,Lake Oswego,2022,2025
M,552,315,4A,Brian Powell,,Henley,1997,2000
F,552,165,4A,Erin Gilkison,,Rogue River,1996,1999
M,553,315,4A,Ron Schrodt,,Philomath,1984,1987
F,553,168,6A,Annie Boitono,,Centennial,1989,1992
M,554,320,4A,Craig Thompson,,Philomath,1984,1987
M,555,321,4A,Tommy Baucom,,Siuslaw,2000,2003
F,555,168,6A,Laura Westwood,,Grant,1998,2001
M,556,323,4A,Matt Martinez,,Molalla,1999,2002
F,556,169,4A,Kari Haddix,,Myrtle Point,1989,1992
M,557,325,3-2-1A,Jesse Fukawa,,Oakridge,2004,2007
F,557,169,6A,Rubi Vergara-Grindel,,Forest Grove,2011,2014
M,558,326,4A,Todd Graham,,Scappoose,2008,2011
F,558,170,6A,Cindy Bones,,Ontario,1974,1977
M,559,326,6A,Brennen LeBel,,West Salem,2014,2017
F,559,170,4A,Lindsey Clarida,,Rogue River,1996,1999
M,560,328,4A,Adam Hale,,Phiolomath,1990,1993
F,560,170,3-2-1A,Weston Jennings,,Bandon,2012,2015
M,561,330,6A,Emanuel Kraynick,,West Salem,2009,2012
F,561,170,6A,Sherrie Jacques,,Bend,1986,1989
M,562,334,4A,Joe Horn,,Scappoose,2004,2007
F,562,170,Switch,Jane Lacouture,,Siuslaw,2020,2023
M,563,335,6A,Kian Mitchell,,Wilson,2014,2017
F,563,171,6A,Courtney Barlow,,Crescent Valley,1994,1997
M,564,337,6A,Larry Lechner,,Mountain View,1995,1998
F,564,171,Switch,Stephanie Rogers,,Bandon,2000,2003
F,565,172,6A,Marlys Newey,,Roseburg,1983,1986
M,566,342,4A,Adam DeGroot,,Glide,1993,1996
F,566,173,6A,Haley McDonald,,Gresham,2009,2012
M,567,343,4A,Josh Lockman,,South Umpqua,2001,2004
F,567,173,6A,Harmony Teitsworth,,Lincoln,2002,2005
M,568,343,6A,Paul Morton,,Klamath Union,1997,2000
M,569,346,4A,Ray Whitlow,,Yamhill-Carlton,1979,1982
F,569,175,6A,Sofie Howard,,Lake Oswego,2021,2024
M,570,357,4A,Chris Patton,,Brookings-Harbor,2002,2005
F,570,176,4A,Amanda Reaser,,Banks,2008,2011
M,571,357,6A,Paul Davisd,,Crescent Valley,1993,1996
F,571,176,4A,Jill Mitchell,,Vale,1985,1988
M,572,361,6A,Trent Dudley,,West Salem,2007,2010
F,572,176,3-2-1A,Jayne Neal,,Central Linn,2022,2025
M,573,369,6A,Lucas Satterlee,,Mountainside,2021,2024
F,573,176,6A,Mia Rasca,,West Salem,2022,2025
M,574,371,3-2-1A,Allen Nichelson,,Creswell,2008,2011
F,574,177,4A,Julie Overby,,Scappoose,2003,2006
M,575,381,6A,Sean Barr,,West Salem,2009,2012
F,575,177,4A,Karly Schra,,Sweet Home,1992,1995
M,576,391,6A,Jesse Light South Eugene 1993-1996 576 177 6A Therese McCaffrey,,Ashland,1999,2002
M,577,394,3-2-1A,Bryce Linderman,,Myrtle Point,2002,2005
F,577,177,6A,Senoya Bugher,,Sherwood,2021,2024
M,578,394,3-2-1A,Jesse Haworth,,Myrtle Point,2002,2005
F,578,179,3-2-1A,Jenna Hills,,Southwest Christian,2009,2012
M,579,404,4A,John Lonai,,McLoughlin,2007,2010
F,579,180,6A,Tina Simpson,,Pendleton,1980,1983
M,580,413,4A,Tanner Bushnell,,Philomath,1995,1998
M,581,436,4A,Jacob Payton,,Baker,2006,2009
F,581,180,4A,Abigail Pope,,The Dalles,2022,2025
M,582,438,6A,Ben Whitenack,,West Salem,2008,2011
F,582,181,6A,DeAnn Keller,,West Linn,1988,1991
M,583,438,6A,Anders Jagen,,West Salem,2022,2025
F,583,182,Switch,Claire Koester,,Marist,2008,2011
M,584,457,4A,Thurman Squimphen,,Madras,1986,1989
F,584,182,4A,Courtney King,,Siuslaw,2011,2014
F,585,183,4A,Sonja Larson,,Silverton,1987,1990
F,586,183,6A,Jennifer Shelton,,Sheldon,2015,2018
F,587,184,4A,Carrie Cole,,Cascade,1987,1990
F,588,184,3-2-1A,Laura Shepard,,Wahtonka,1995,1998
F,589,184,4A,Sara Cortell,,Brookings-Harbor,1982,1985
F,590,185,3-2-1A,Paige Lansdem,,Westside Christian,2004,2007
F,591,186,6A,Lori Dvorak,,Lakeridge,1982,1985
F,591,186,6A,Mary Sullivan,,Sprague,1986,1989
F,593,187,6A,Kate Jette,,Clarkamas,2006,2009
F,594,187,4A,Kelli McManus,,Glide,1993,1996
F,595,187,6A,Margaret Pearson,,Crescent Valley,1984,1987
F,596,187,5A,Kylie Caldwell,,Crater,2014,2017
F,597,187,5A,Melany Solorio,,Hermiston,2014,2017
F,598,187,6A,Hailie Robertosn,,Franklin,2021,2024
F,599,188,6A,Sara Hennigan,,McMinnville,1992,1995
F,600,189,6A,Courtney Hochstetler,,South Salem,2007,2010
F,601,189,6A,Devon Frazier,,Tualatin,2004,2007
F,602,189,6A,Gitte Lonigan,,Sprague,2021,2024
F,603,190,6A,Emily Wilson,,"Lakeridge,",1999,2002
F,604,190,3-2-1A,Katelin Renfro,,East Linn Christian,2007,2010
F,605,190,4A,Katelyn Anderson,,Baker,2001,2004
F,606,190,4A,Madison Boettner,,Sisters,2011,2014
F,607,191,6A,Kellen Friedich,,South Salem,2008,2011
F,608,191,3-2-1A,Rebecca Disbrow,,Pacific,1992,1995
F,609,192,6A,Melanie Venekamp,,Grants Pass,1978,1981
F,610,192,3-2-1A,Sarah Westby,,Regis,1994,1997
F,611,193,4A,Charlene Guthrie,,Junction City,1977,1980
F,612,193,4A,Elise Harley,,Scappoose,2008,2011
F,613,194,4A,Ashlee Vos,,Phoenix,2011,2014
F,614,194,6A,Hannah Points,,Tualatin,2004,2007
F,615,195,3-2-1A,Angie Siecinski,,Oakridge,1992,1995
F,616,195,4A,Kristana Kinnett,,Glide,1991,1994
F,617,195,4A,Faith Calboun,,La Grande,2020,2023
F,618,195,3-2-1A,Jayda Blackburn,,Union,2020,2023
F,619,195,4A,Eleanor Rodriguez,,Klamath Union,2022,2025
F,620,196,6A,Sarah Eyman,,South Medford,1996,1999
F,621,197,6A,Grace Shapland,,South Eugene,1999,2002
F,622,197,4A,Leighanne Fischer,,Molalla,1999,2002
F,623,197,6A,Jane Coffey-Read,,Ida B Wells,2022,2025
F,624,198,Switch,Chelsea Pullen,,Bandon,2000,2003
F,625,198,4A,Melissa Waiss,,Siuslaw,2000,2003
F,626,198,4A,Salena Bott,,Baker,2017,2020
F,627,200,3-2-1A,Emily Reader,,St.Mays (Medford),2007,2010
F,628,200,6A,Holly Thompson,,Sheldon,2001,2004
F,629,200,6A,Regan Allen,,Grant,2007,2010
F,630,202,4A,Angela Larrabee,,Philomath,1989,1992
F,631,203,4A,Jodie Brady,,Seaside,1979,1982
F,633,203,3-2-1A,Samantha Sutherland,,Bandon,2007,2010
F,634,204,4A,Heather Denison,,Rainier,1993,1996
F,635,204,4A,Margie Morris,,Seaside,1978,1981
F,636,204,5A,Sarah Scivens,,Cleveland,2007,2010
F,637,204,6A,Tracy Mason,,Springfield,1989,1992
F,638,204,4A,Chloe Madden,,Siuslaw,2016,2019
F,639,205,6A,Betsey Koberg,,Lincoln,2005,2008
F,640,206,6A,Elisa Bobnes,,McMinnville,1992,1995
F,641,206,6A,Alexa Hayes,,Clackamas,2014,2017
F,642,208,3-2-1A,Meagan Helms,,Myrtle Point,2002,2005
F,643,209,5A,Rhonda Costin,,Springfield,2008,2011
F,644,209,3-2-1A,Safaa Dimitruk,,Bandon,2022,2025
F,645,210,4A,Kristie Allen,,Philomath,1982,1985
F,646,210,6A,Kaitlyn Kruce,,Reynolds,2016,2019
F,647,211,6A,Vivian Hawkinson,,South Salem,2010,2013
F,648,211,4A,Aubrey Gerding,,Philomath,2018,2021
F,649,211,4A,Shayla Hullstrom,,Tillamook,2020,2023
F,650,212,6A,Kyla Burnet,,Grant,2000,2003
F,651,213,3-2-1A,Sarah Frey,,Kennedy,2008,2011
F,652,214,4A,Kim Hartman,,Sherwood,1977,1980
F,653,215,4A,Amy Hawes,,Madras,1993,1996
F,654,215,4A,Molly Malone,,Philomath,1998,2001
F,655,216,6A,Brooklyn James,,Clackamas,2014,2017
F,656,217,4A,Nikki Gardner,,Oakridge,1977,1980
F,657,217,6A,Suzanne Lehman,,Lincoln,1975,1978
F,659,218,Switch,Laura Murphy,,Hood River,1992,1995
F,660,219,4A,Alexa Servid,,Baker,2002,2005
F,661,219,4A,Amy Schroyer,,Rogue River,1989,1992
F,662,220,5A,Nikki Stokes,,Sandy,2014,2017
F,663,221,5A,Hailey Peterson,,Thurston,2006,2009
F,664,221,6A,Mary Jenkins,,Lakeridge,1984,1987
F,665,221,4A,Paige Sanders,,Sweet Home,2009,2012
F,666,221,Switch,Sydnie Johnson,,Crow/Churchill,2005,2008
F,668,223,4A,Rosie Shaver,,Estacada,2014,2017
F,669,225,6A,Chelsea Newby,,Mountain View,1992,1995
F,670,225,3-2-1A,Marissa Donohue,,Kennedy,2006,2009
F,671,226,5A,Caitlyn Holmes,,Springfield,2006,2009
F,672,226,6A,Kristen Gentemann,,West Linn,1985,1988
F,673,226,4A,Laura Harrell,,Brookings-Harbor,1975,1978
F,674,226,6A,Ronda Fuller,,Ashland,1977,1980
F,675,226,6A,Sarah Decker,,Centennial,1992,1995
F,676,226,3-2-1A,Anna Burkey,,East Linn Christian,2010,2013
F,677,227,6A,Lia Newman,,Lakeridge,2010,2013
F,678,227,4A,Sarah Stuebe,,Molalla,2003,2006
F,679,228,6A,Elizabeth Khoury,,Forest Grove,2015,2018
F,680,229,6A,Kira Donnelly,,Grant,2000,2003
F,681,229,4A,Mikaela Siegel,,Siuslaw,2012,2015
F,682,230,6A,Jody Helmstetter,,Barlow,1990,1993
F,683,232,6A,Alia Mowry,,South Eugene,2007,2010
F,684,233,4A,Bethany Santos,,Glide,1994,1997
F,685,233,6A,Kathleen Cox,,Barlow,1985,1988
F,686,233,6A,Maren Asay,,McNary,1998,2001
F,687,234,6A,Johanna Briscoe,,West Linn,2013,2016
F,688,234,4A,Lynn Gurney,,Myrtle Point,1993,1996
F,689,234,6A,Michelle Weaver,,Roseburg,1987,1990
F,690,235,6A,Helen Rarick,,Crescent Valley,1994,1997
F,691,236,6A,Madison Randall,,Sheldon,2003,2006
F,692,237,6A,Kate Patterson,,St.Marys Academy,2012,2015
F,693,237,4A,Heidi Taylor,,Phoenix,2018,2021
F,694,238,3-2-1A,Ashley Parker,,Regis,1999,2002
F,695,238,6A,Stephenie Meduna,,Centennial,1992,1995
F,696,239,6A,Annie Dacis,,"Lincoln,",1994,1997
F,697,240,6A,Joanne Shpiller,,North Salem,1992,1995
F,698,240,5A,Olivia Decker,,Corvallis,2016,2019
F,699,241,Switch,Kristen Chester,,Wilsonville,2005,2008
F,700,241,6A,Leila Bull,,South Eugene,1979,1982
F,701,241,5A,Molly Murphy-Brown,,Sandy,2014,2017
F,702,243,6A,Hannah Berdahl,,Forest Grove,2014,2017
F,704,244,4A,Darcy Zettler,,Philomath,1992,1995
F,705,244,6A,Nancy Mills,,Lakeridge,1975,1978
F,706,244,6A,Joelle Thompson,,Lake Oswego,2021,2024
F,707,248,4A,Katerina Lucero,,Molalla,2009,2012
F,708,248,6A,Michelle Amodeo,,Centennial,1982,1985
F,709,248,6A,Kaari Guelsdorf,,Oregon City,2014,2017
F,710,249,4A,Elise Nash,,Philomath,2001,2004
F,711,250,4A,Cathy Monahan,,La Grande,2004,2007
F,712,250,3-2-1A,Lisa Jauch,,Westside Chrisian,2011,2014
F,713,253,6A,Chelsea Ollar,,West Linn,2007,2010
F,714,253,4A,Moira Carey,,Marist,2006,2009
F,715,253,6A,Rhiannon Glenn,,S.Eugene/Bend,1992,1995
F,716,253,5A,Gwen Gray,,Crescent Valley,2016,2019
F,717,254,6A,Ginny Murphy,,Lincoln,1978,1981
F,718,254,6A,Chloe Thompson,,Tigard,2021,2024
F,719,255,5A,Kelsey McCall,,Cleveland,2009,2012
F,720,255,4A,Kris Waldman,,Madras,1982,1985
F,722,260,3-2-1A,Lisl Ruckert,,East Linn Christian,2007,2010
F,723,263,5A,Ellie Forrest,,Cleveland,2009,2012
F,724,263,4A,Jenny Schmidt,,Goldbeach,1985,1988
F,725,264,5A,Denali Emmons,,Hood River,2012,2015
F,726,264,6A,Noelle Plasse,,Lake Oswego,2021,2024
F,727,266,6A,Karen Cammack,,Mountain View,1983,1986
F,728,266,4A,Kelli Mchugh,,Toledo,1982,1985
F,729,267,4A,Emily Everetts,,Cascade,2006,2009
F,730,267,6A,Sharon Cannon,,West Linn,1994,1997
F,731,268,6A,Jennifer Hedges,,Hood River,1994,1997
F,732,268,4A,Trina Bruno,,Baker,2004,2007
F,733,269,6A,Elizabeth Rogers,,West Linn,1993,1996
F,734,269,5A,Relena Gartner,,Corvallis,2006,2009
F,735,271,6A,Meghan Miller,,Crescent Valley,2000,2003
F,736,274,6A,Kim Clark,,Grant,1998,2001
F,737,277,6A,Megan Everetts,,McKay,2004,2007
F,738,277,6A,Trish Weimer,,Centennial,1980,1983
F,739,279,3-2-1A,Nora Brenden,,Kennedy,2020,2023
F,740,283,4A,Jenna Ball,,Scappoose,2000,2003
F,741,283,6A,Mary Anderson,,Roseburg,1985,1988
F,742,284,6A,Katie Skinner,,Franklin,2006,2009
F,743,285,6A,Jasmin Volk,,Lincoln,2005,2008
F,744,285,6A,Michela Bryne,,Grant,1997,2000
F,745,286,3-2-1A,Annaliese Wilson,,Portland Waldorf,2005,2008
F,746,287,4A,LeAnn Pitney,,Sherwood,1977,1980
F,747,287,6A,Lily Chamberlain,,Grant,2008,2011
F,748,291,5A,Cara Smurdon,,Sherwood,2008,2011
F,749,291,4A,Kaydie Nichols,,Elmira,1999,2002
F,750,291,Switch,Kerry Perkins,,Hood River,1992,1995
F,751,291,6A,Rhonda Fraser,,Centennial,1988,1991
F,752,291,6A,Jocelyn Schnurbusch,,McNary,2022,2025
F,753,292,Switch,Isabella Kansala,,Sandy,2015,2018
F,754,292,6A,Abigail Wheatley,,Newberg,2022,2025
F,755,295,4A,Mae Lynn Morris,,La Grande,2003,2006
F,757,296,6A,Abigail Evans,,West Salem,2022,2025
F,758,297,4A,Kelsey Taylor,,Banks,2005,2008
F,759,298,6A,Eleanor Schnorr,,Forest Grove,2013,2016
F,760,302,4A,Lacey Jones,,Baker,2016,2019
F,761,304,3-2-1A,Stephanie Jones,,Kennedy,2005,2008
F,762,309,6A,Stacy Hopkins,,Franklin,1996,1999
F,763,315,4A,Erika Schultz,,North Bend,2004,2007
F,764,315,6A,Gretchen Floss,,Roseburg,1987,1990
F,765,315,4A,Samanda Stewart,,Myrtle Point,1991,1994
F,766,316,3-2-1A,Morgan Grove,,Myrtle Point,2003,2006
F,767,320,6A,Elena Flood,,South Medford,1995,1998
F,768,321,6A,Leuren Graebner,,South Eugene,2005,2008
F,769,321,4A,Zoey Knutson,,Cottage Grove,2022,2025
F,770,322,3-2-1A,Claire Ledig,,Bandon,2009,2012
F,771,322,6A,Molly McGuirk,,South Eugene,1980,1983
F,772,324,4A,Jayden Ricem,,Baker,2016,2019
F,773,326,6A,Carrie Lacey-Kreitz,,Lincoln,1994,1997
F,774,331,6A,Kathryn Flyte,,West Linn,2006,2009
F,775,332,Switch,Mae Roth,,Sisters,2021,2024
F,776,332,6A,Makaila Rust,,Tigard,2022,2025
F,777,345,4A,Anna Grabhorn,,Scappoose,2005,2008
F,778,345,Switch,Danielle Nason,,Bandon,2000,2003
F,779,347,6A,Emily Green,,Franklin,1998,2001
F,780,347,6A,Susan Frey,,Ashland,1978,1981
F,781,348,3-2-1A,Isabelle Curtis,,Central Linn,2022,2025
F,782,360,4A,Amanda Remington,,The Dalles,1996,1999
F,783,371,6A,Kelly Craft,,Tualatin,1994,1997
F,784,377,6A,Margaret Lee,,Grant,1994,1997
F,785,382,4A,Lisa Gurney,,Myrtle Point,1991,1994
F,786,409,3-2-1A,Georgia Wahl,,Cental Linn,2022,2025
F,787,410,6A,Grace Bliven,,McMinnvile,2016,2019
F,788,415,6A,Natalie Pihulak,,Clackamas,2014,2017
F,789,425,4A,Kori Haddux,,Myrtle Point,1993,1996
F,790,451,6A,Shelby Knutson,,Central Catholic,2021,2024
F,791,454,6A,Heidi Gelarden,,South Eugene,1995,1998
F,792,465,6A,Chantal Kyler,,Grant,1995,1998
F,793,498,6A,Anna Lindaman,,Clackamas,2022,2025
F,794,512,6A,Julie Liedel,,Grant,2003,2006
